referencia,entidad_estatal,descripciontable,fase_actual,fecha_publicacion,fecha_presentacion_ofertas,cuantia,estado,descripcionhtml,titulo
0255-arc-cbn6-2021,armada nacional base naval no. 6 arc bogota,"mantenimiento general cctv e implementacion de sistema de inteligencia artificial, reconocimiento facial y alertas de seguridad para el edificio insignia en bogota d.c. acuerdo a las especificaciones",presentacion de oferta,13/10/2021 7:02 AM (UTC -5 horas),20/10/2021 2:00 PM (UTC -5 horas),38.205.525 COP,Proceso adjudicado y celebrado,"prestar servicios asociados a la gestion de la informacion basado en un modelo big data: ingesta de datos, almacenamiento, procesamiento, calidad, analitica, machine learning, inteligencia artificial, analisis y visualizacion de resultados que contribuya a la toma de decisiones en los procesos del instituto colombiano de bienestar familiar"," mantenimiento general cctv e implementacion de sistema de inteligencia artificial, reconocimiento facial y alertas de seguridad para el edificio insignia en bogota d.c. acuerdo a las especificaciones"
04-sc-drsu-0022-2022,instituto nacional de medicina legal y ciencias forenses,"adquisicion balanza analitica, termometro y termohigrometro",presentación de oferta,5/05/2022 3:50 PM (UTC -5 horas),10/05/2022 3:00 PM (UTC -5 horas),Sin documento,Proceso en evaluación y observaciones,"adquisicion balanza analitica, termometro y termohigrometro, para los laboratorios forenses del instituto nacional de medicina legal y ciecias forenses.","adquisicion balanza analitica, termometro y termohigrometro"
125,universidad distrital francisco jose de caldas,asistencial laboratorio de informatica- inteligencia artificial ft,presentacion de oferta,17/01/2021 3:59 PM (UTC -5 horas),-,18.170.520 COP,Publicado ,,asistencial laboratorio de informatica- inteligencia artificial ft
1730_2021,universidad distrital francisco jose de caldas,"asistencial laboratorio de informatica- laboratorio de inteligencia artificial y tele-presencia, y laboratorios de bases de datos y sistemas distribuidos-sala 5 ft",presentacion de oferta,19/03/2021 3:52 PM (UTC -5 horas),-,9.539.523 COP,Publicado ,"generar insumos para la elaboracion de lineamientos, estrategias y estandares relacionados con la implementacion de sistemas de inteligencia artificial (ia) incluyentes en colombia.
","asistencial laboratorio de informatica- laboratorio de inteligencia artificial y tele-presencia, y laboratorios de bases de datos y sistemas distribuidos-sala 5 ft"
22000605 h3 de 2022,unidad administrativa especial de aeronáutica civil aerocivil,apoyar oficina de analitica analisis datos aplicacion procedimientos y tecnicas permitan el desarrollo de procesos y agilidad en toma de decisiones estrategicas en la entidad,presentación de oferta,23/01/2022 11:10 PM (UTC -5 horas),-,59.800.000 COP,Proceso adjudicado y celebrado,,
2271364,empresa colombiana de petroleos,programa de formación en ciencia de datos (primera cohorte),presentación de oferta,8/01/2021 10:46 AM (UTC -5 horas),-,46.500.000 COP,Publicado ,,
2399210,empresa colombiana de petroleos,"programa de formación en ciencia de datos (segunda, tercera y cuarta cohorte), bajo metodología basada en negociación bilateral por medio del acuerdo de bases económicas no. 7600468.",presentación de oferta,8/06/2021 8:12 AM (UTC -5 horas),-,167.400.000 COP,Publicado ,,
2972-2022,universidad distrital francisco jose de caldas,"servicio para diseñar, diagramar e implementar en código abierto python un programa con diferentes métodos de machine learning basados en varios algoritmos preestablecidos",presentación de oferta,29/06/2022 11:52 AM (UTC -5 horas),-,21.805.000 COP,Publicado ,,
3038252,empresa colombiana de petroleos,construccion e implementacion de una solucion digital que alerte a las personas que se desplazan de manera insegura en la estacion chichimene por medio de un modelo de inteligencia artificial y recono,presentacion de oferta,14/07/2021 8:48 AM (UTC -5 horas),-,87.926.659 COP,Publicado ,sistema de ciberinteligencia basado en inteligencia artificial,construccion e implementacion de una solucion digital que alerte a las personas que se desplazan de manera insegura en la estacion chichimene por medio de un modelo de inteligencia artificial y recono
3038980,empresa colombiana de petroleos,servicio técnico especializado para la generación de algoritmos y parametrización de diferentes escenarios para la realización de pruebas de producción de pozos con los medidores multifásicos marca me,presentación de oferta,27/04/2021 5:54 PM (UTC -5 horas),-,744.593.500 COP,Publicado ,,
3043084,empresa colombiana de petroleos,"servicio de caracterización y evaluación de nanofluidos basados en nanomateriales core-shell/ nafta, usando analitica avanzada para la optimización de procesos de inyección de vapor para el centro de ",presentación de oferta,15/10/2021 2:25 PM (UTC -5 horas),-,83.045.000 COP,Publicado ,,
3045059 - 3044283,empresa colombiana de petroleos,"aunar esfuerzos para la investigación, adquisición de datos, desarrollo de algoritmos",presentación de oferta,23/02/2022 12:40 PM (UTC -5 horas),-,8.877.728.977 COP,Publicado ,,
3046666,empresa colombiana de petroleos,derecho de uso de algoritmos de conversión de cantidades para módulos de la vertical de industria en sap  bulk calculations (bcs),presentación de oferta,18/08/2022 5:14 PM (UTC -5 horas),-,"231.724.666,72 COP",Publicado ,,
3194_2021,universidad distrital francisco jose de caldas,prestar servicios de apoyo asistencial laboratorio de informotica inteligencia artificial y tele-presencia bases de datos y sistemas distribuidos,presentacion de oferta,21/08/2021 12:04 AM (UTC -5 horas),-,9.539.523 COP,Publicado ,construccion e implementacion de una solucion digital que alerte a las personas que se desplazan de manera insegura en la estacion chichimene por medio de un modelo de inteligencia artificial y reconocimiento de imagen,prestar servicios de apoyo asistencial laboratorio de informatica inteligencia artificial y tele-presencia bases de datos y sistemas distribuidos
351,universidad nacional de colombia ,"prestacion de servicios doctor en ciencias fisica, con conocimientos en optica y sistemas de medicion, big data, e inteligencia artificial, para la investigacion y proposicion de estrategias ",presentacion de oferta,28/07/2022 6:52 AM (UTC -5 horas),-,14.991.553 COP,Publicado ,"la solucion tecnologica debera almacenar los archivos de texto, audio y/o video asociados a las
gacetas del congreso correspondientes al senado de la republica y ademas debera permitir realizar
busquedas profundas inteligentes de consultas simples, compuestas y contextuales, con respuesta
inmediata, donde el ambiente debe usar servicios saas (nube). la respuesta inmediata se entiende
como aquella que se genera en un lapso de tiempo de pocos segundos, inferiores a diez e idealmente en el rango de","prestacion de servicios doctor en ciencias-fisica, con conocimientos en optica y sistemas de medicion, big data, e inteligencia artificial, para la investigacion y proposicion de estrategias "
3830-2-2021,universidad distrital francisco jose de caldas,docente del módulo aplicación ciencia de datos en el desarrollo de los diplomados multidisciplinarios 2020,presentación de oferta,10/12/2021 7:54 AM (UTC -5 horas),-,2.280.000 COP,Publicado ,,
4131.010.32.1.1002-2022 (presentacion de oferta),santiago de cali distrito especial - departamento administrativo de hacienda,prestacion de servicios de una plataforma tecnologica basada en inteligencia artificial  (presentacion de oferta),presentacion de oferta,18/05/2022 12:18 PM (UTC -5 horas),3/06/2022 10:00 AM (UTC -5 horas),1.500.000.000 COP,Proceso adjudicado y celebrado,proceso de contratacion de  servicio tecnologico inteligencia artificial para el desarrollo de vart del proyecto denominado desarrollo y validacion de una tecnologia para la deteccion de la retinopatia de la prematuridad en bebes prematuros del departamento del atlantico,prestacion de servicios de una plataforma tecnologica basada en inteligencia artificial  (presentacion de oferta)
534_2022,universidad distrital francisco jose de caldas,"asistencial laboratorio de informatica -laboratorio de inteligencia artificial y telepresencia, y laboratorios de bases de datos y sistemas distribuidos. ",presentacion de oferta,25/01/2022 11:38 PM (UTC -5 horas),-,21.157.299 COP,Publicado ,"prestar servicios de apoyo asistencial y de apoyo administrativo de manera autonoma e independiente en los procesos academicos y administrativos del laboratorio de informatica, especificamente en lo correspondiente al area laboratorio de inteligencia artificial y telepresencia, y laboratorios de bases de datos y sistemas distribuidos. sala 5. en el marco de la gestion de laboratorios de la universidad distrital.","asistencial laboratorio de informatica -laboratorio de inteligencia artificial y telepresencia, y laboratorios de bases de datos y sistemas distribuidos. "
534_2022,universidad distrital francisco jose de caldas,"asistencial laboratorio de informatica -laboratorio de inteligencia artificial y telepresencia, y laboratorios de bases de datos y sistemas distribuidos. ",presentacion de oferta,25/01/2022 11:38 PM (UTC -5 horas),-,21.157.299 COP,Publicado ,"prestacion de servicios profesionales para proponer y desarrollar proyectos de investigacion aplicando tecnicas de analitica, ciencia de datos e inteligencia artificial para la innovacion y mejora de los procesos misionales.","asistencial laboratorio de informatica -laboratorio de inteligencia artificial y telepresencia, y laboratorios de bases de datos y sistemas distribuidos. "
5562727,empresa colombiana de petroleos,"servicio de caracterización y evaluación fluido fluido y roca  fluido de nanofluidos basados en nanomateriales catalíticos/ nafta, usando analitica avanzada para la optimización de procesos híbrido",presentación de oferta,7/03/2022 10:38 AM (UTC -5 horas),-,202.347.000 COP,Publicado ,"servicio de caracterizacion y evaluacion fluido  fluido y roca  fluido de nanofluidos basados en nanomateriales cataliticos/ nafta, usando analitica avanzada para la optimizacion de procesos hibridos de inyeccion de vapor solvente para el centro de innovacion y tecnologia icp de ecopetrol s.a. basados abe 3024671","servicio de caracterizacion y evaluacion fluido fluido y roca  fluido de nanofluidos basados en nanomateriales cataliticos/ nafta, usando analitica avanzada para la optimizacion de procesos hibrido"
730_2021,universidad distrital francisco jose de caldas,asistencial laboratorio de informatica- inteligencia artificial ft,presentacion de oferta,29/01/2021 12:24 PM (UTC -5 horas),-,2.649.868 COP,Publicado ,"prestar servicios de apoyo asistencial y de apoyo administrativo de manera autonoma e independiente en los procesos academicos y administrativos del laboratorio de informatica,  especificamente en lo correspondiente al area laboratorio de inteligencia artificial y telepresencia, y laboratorios de bases de datos y sistemas distribuidos. sala 5 . en el marco de la gestion de laboratorios de la universidad distrital.",asistencial laboratorio de informatica- inteligencia artificial ft
adres-cd-068-2021,administradora de los recursos del sistema general de seguridad social en salud,algoritmos automaticos,presentación de oferta,2/03/2021 1:00 PM (UTC -5 horas),-,74.641.465 COP,Proceso adjudicado y celebrado,,
bid-021-3cv-2022,defensoría del pueblo,"servicios de consultoría individual para brindar asesoría y apoyo técnico en el análisis, diseño, implementación y aplicación de técnicas de ciencia de datos para la puesta en marcha de modelos de ana",presentación de oferta,23/08/2022 5:45 PM (UTC -5 horas),-,54.973.329 COP,Proceso adjudicado y celebrado,,
bpin-2020000100449,fundacion universidad del norte,desarrollo de un modelo basado en inteligencia artificial como instrumento de prediccion de la enfermedad de alzheimeresporodica y su velocidad de progresion en el departamento del atlantico,presentacion de oferta,5/07/2022 6:52 PM (UTC -5 horas),-,2.705.496.869 COP,Publicado ,adquisicion para el diseno e implementacion de un sistema de inteligencia artificial y analitica de datos para la gestion humana y el desarrollo del plan de carrera,desarrollo de un modelo basado en inteligencia artificial como instrumento de prediccion de la enfermedad de alzheimeresporadica y su velocidad de progresion en el departamento del atlantico
cas-fds-cdpsag-213-2022,departamento del casanare,realizar verificación de requisitos minimos de cumplimiento en la fase preanalitica a las muestras de aguas y alimentos en atencion a las competencias de ivc del laboratorio de salud publica,presentación de oferta,7/07/2022 11:19 AM (UTC -5 horas),-,10.454.500 COP,Proceso adjudicado y celebrado,realizar verificacion de requisitos minimos de cumplimiento en la fase preanalitica a las muestras de aguas y alimentos en atencion a las competencias de ivc del laboratorio de salud publica,realizar verificacion de requisitos minimos de cumplimiento en la fase preanalitica a las muestras de aguas y alimentos en atencion a las competencias de ivc del laboratorio de salud publica
cce-059-4h-2022,agencia nacional de contratación pública -colombia compra eficiente-,"asesorar y acompañar al grupo interno de trabajo de analítica, estrategia y ciencia de datos de la subdirección de estudios de mercado ",presentación de oferta,5/01/2022 10:40 AM (UTC -5 horas),-,80.387.097 COP,Proceso adjudicado y celebrado,,
cce-093-4h-2022,agencia nacional de contratación pública -colombia compra eficiente-,"apoyar la gestión que realiza el grupo interno de trabajo de analítica, estrategia y ciencia de datos de la subdirección de estudios de mercado y abastecimiento estratégico en el análisis e identifica",presentación de oferta,11/01/2022 3:18 PM (UTC -5 horas),-,28.750.000 COP,Proceso adjudicado y celebrado,,
cce-108-4h-2022,agencia nacional de contratacion publica -colombia compra eficiente-,asesorar y acompañar a la subdireccion de estudios de mercado y abastecimiento estrategico de la ancp-cce en la implementacion de metodologias de analitica de datos e inteligencia artificial ,presentacion de oferta,11/01/2022 5:27 PM (UTC -5 horas),-,92.000.000 COP,Proceso adjudicado y celebrado,"prestacion de servicios en la modalidad software as a service de simulador de intervencion psicologica personalizada basado en inteligencia artificial para establecer los niveles de riesgo psicosocial de los usuarios del departamento de santander y generar informes personalizados de rutas de apoyo en salud mental en la poblacion del proyecto ""desarrollo transferencia de tecnologia y conocimiento para la innovacion que atienda las repercusiones en salud mental derivadas de la emergencia economica",asesorar y acompanar a la subdireccion de estudios de mercado y abastecimiento estrategico de la ancp-cce en la implementacion de metodologias de analitica de datos e inteligencia artificial 
cce-112-4h-2022,agencia nacional de contratación pública -colombia compra eficiente-,"asesorar y acompañar al grupo interno de trabajo de analítica, estrategia y ciencia de datos de la subdirección de estudios de mercado y abastecimiento estratégico ",presentación de oferta,12/01/2022 11:21 AM (UTC -5 horas),-,80.500.000 COP,Proceso adjudicado y celebrado,,
cce-113-4h-2022,agencia nacional de contratación pública -colombia compra eficiente-,"asesorar al grupo interno de trabajo de analítica, estrategia y ciencia de datos de la subdirección  de estudios de mercado y abastecimiento estratégico en el manejo y consulta de las bases de  datos ",presentación de oferta,12/01/2022 11:24 AM (UTC -5 horas),-,46.000.000 COP,Proceso adjudicado y celebrado,,
cd-00-064-2021,direccion de impuestos y aduanas nacionales ,"servicio profesional para la aplicación de modelos y algoritmos de aprendizaje automático y ciencia de datos para la segmentación y perfilamiento de contribuyentes, a partir de los datos del sistema d",presentación de oferta,21/05/2021 1:20 PM (UTC -5 horas),-,99.060.000 COP,Proceso adjudicado y celebrado,,
cd-00-064-2021,direccion de impuestos y aduanas nacionales ,"servicio profesional para la aplicación de modelos y algoritmos de aprendizaje automático y ciencia de datos para la segmentación y perfilamiento de contribuyentes, a partir de los datos del sistema d",presentación de oferta,21/05/2021 1:20 PM (UTC -5 horas),-,99.060.000 COP,Proceso adjudicado y celebrado,,
cd-008-2022,corporación autónoma regional para la defensa de la meseta de bucaramanga,"prestar los servicios profesionales de un ingeniero de sistemas experto en oracle developer 6i para la realización de actividadess de arquitectura de sistemas de información, analitica de datos, anali",presentación de oferta,22/01/2022 4:48 PM (UTC -5 horas),-,22.000.000 COP,Proceso adjudicado y celebrado,"prestar los servicios profesionales de un ingeniero de sistemas experto en oracle developer 6i para la realizacion de actividadess de arquitectura de sistemas de informacion, analitica de datos, analisis, diseno y desarrollo, mantenimiento, soporte e implementacion de las aplicaciones del sistema de informacion corporativo -sic.  (ti-ingeniero-01)","prestar los servicios profesionales de un ingeniero de sistemas experto en oracle developer 6i para la realizacion de actividadess de arquitectura de sistemas de informacion, analitica de datos, anali"
cd-188-2022-sc,instituto geografico aguston codazzi *,"prestacion de servicios profesionales para proponer y desarrollar proyectos de investigacion aplicando tecnicas de analitica, ciencia de datos e inteligencia artificial para la innovacion y mejora..",presentacion de oferta,19/01/2022 11:59 AM (UTC -5 horas),-,41.005.736 COP,Proceso adjudicado y celebrado,"asesorar y acompanar a la subdireccion de estudios de mercado y abastecimiento estrategico de la agencia nacional de contratacion publica -colombia compra eficiente- en la implementacion
de metodologias de analitica de datos e inteligencia artificial para analizar y procesar la informacion con la informacion del sistema de compra publica colombiano. con el fin de generar insumos para que la entidad identifique lineamientos tecnicos y asi mismo se genere un incremento del valor por dinero.","prestacion de servicios profesionales para proponer y desarrollar proyectos de investigacion aplicando tecnicas de analitica, ciencia de datos e inteligencia artificial para la innovacion y mejora.."
cd-188-2022-sc,instituto geográfico agustín codazzi *,"prestación de servicios profesionales para proponer y desarrollar proyectos de investigación aplicando técnicas de analítica, ciencia de datos e inteligencia artificial para la innovación y mejora..",presentación de oferta,19/01/2022 11:59 AM (UTC -5 horas),-,41.005.736 COP,Proceso adjudicado y celebrado,"asesorar y acompanar a la subdireccion de estudios de mercado y abastecimiento estrategico de la agencia nacional de contratacion publica -colombia compra eficiente- en la implementacion
de metodologias de analitica de datos e inteligencia artificial para analizar y procesar la informacion con la informacion del sistema de compra publica colombiano. con el fin de generar insumos para que la entidad identifique lineamientos tecnicos y asi mismo se genere un incremento del valor por dinero.","prestacion de servicios profesionales para proponer y desarrollar proyectos de investigacion aplicando tecnicas de analitica, ciencia de datos e inteligencia artificial para la innovacion y mejora.."
cd-203-2022-sc,instituto geográfico agustín codazzi *,"prestación de servicios para desarrollar, migrar y/o implementar algoritmos que faciliten la ejecución de actividades cartográficas en el software institucional.",presentación de oferta,20/01/2022 8:04 AM (UTC -5 horas),-,34.330.389 COP,Proceso adjudicado y celebrado,,
cd-244-2022,superintendencia de la economia solidaria ,prestacion de servicios profesionales para brindar  acompañamiento y asesoria juridica en la mejora de las  metodologias y estrategias de analitica de datos a traves del  analisis juridico y financier,presentación de oferta,23/01/2022 7:46 PM (UTC -5 horas),-,56.000.000 COP,Proceso adjudicado y celebrado,,
cd-542-2022-sc,instituto geográfico agustín codazzi *,prestación de servicios para realizar actividades que promuevan el robustecimiento del repositorio a partir de la implementación de algoritmos que faciliten los procesos de gestión de información.,presentación de oferta,28/01/2022 8:16 AM (UTC -5 horas),-,52.111.456 COP,Proceso adjudicado y celebrado,,
cd-687-2022,ministerio de minas y energia,"prestar servicios profesionales al grupo de soluciones digitales del ministerio de minas y energía, en la construcción de modelos para ciencia de datos, mediante técnicas de aprendizaje automático y m",presentación de oferta,26/01/2022 10:58 PM (UTC -5 horas),-,46.452.266 COP,Proceso adjudicado y celebrado,,
cd-704-2022,institucion universitaria itsa,"contratacion de la plataforma noc virtual omnicanal en la nube, para monitorizacion, automatizada online7x24, operada por bots con inteligencia artificial ia, para monitoreo centralizado a las redes d",presentacion de oferta,16/08/2022 9:29 AM (UTC -5 horas),-,35.214.880 COP,Proceso adjudicado y celebrado,"contratacion de la plataforma noc virtual omnicanal en la nube, para monitorizacion, automatizada online7x24, operada por bots con inteligencia artificial ia, para monitoreo centralizado a las redes de datos e infraestructura de ti de la institucion, que detecte problemas, que facilite la gestion y solucion de inconvenientes, por parte del personal del proceso de tecnologias y sistemas de informacion","contratacion de la plataforma noc virtual omnicanal en la nube, para monitorizacion, automatizada online7x24, operada por bots con inteligencia artificial ia, para monitoreo centralizado a las redes d"
cdps-191-2022,"instituto de hidrologia, meteorología y estudios ambientales ",prestar los servicios profesionales de ingeniería y ciencia de datos para el soporte del ecosistema de grandes volúmenes de datos (big data) y el mantenimiento de herramienta utils ,presentación de oferta,27/01/2022 7:26 AM (UTC -5 horas),-,72.352.000 COP,Proceso adjudicado y celebrado,,
cdps-393-2022,secretaria distrital de desarrollo economico - alcaldia bogota,"prestar servicios profesionales apoyando la construccion de modelo de analitica de datos, soluciones basadas en inteligencia artificial y/o algoritmos de modelado de informacion para en ano¡lisis prosp",presentacion de oferta,1/02/2022 10:55 AM (UTC -5 horas),-,66.000.000 COP,Proceso adjudicado y celebrado,"prestar servicios de apoyo asistencial y de apoyo administrativo de manera autonoma e independiente en los procesos academicos y administrativos del laboratorio de informatica, especificamente en lo correspondiente al area laboratorio de inteligencia artificial y telepresencia, y laboratorios de bases de datos y sistemas distribuidos. sala 5. en el marco de la gestion de laboratorios de la universidad distrital.","prestar servicios profesionales apoyando la construccion de modelo de analitica de datos, soluciones basadas en inteligencia artificial y/o algoritmos de modelado de informacion para en analisis prosp"
cdps-393-2022,secretaria distrital de desarrollo economico - alcaldia bogotá,"prestar servicios profesionales apoyando la construcción de modelo de analítica de datos, soluciones basadas en inteligencia artificial y/o algoritmos de modelado de información para en análisis prosp",presentación de oferta,1/02/2022 10:55 AM (UTC -5 horas),-,66.000.000 COP,Proceso adjudicado y celebrado,"prestar servicios de apoyo asistencial y de apoyo administrativo de manera autonoma e independiente en los procesos academicos y administrativos del laboratorio de informatica, especificamente en lo correspondiente al area laboratorio de inteligencia artificial y telepresencia, y laboratorios de bases de datos y sistemas distribuidos. sala 5. en el marco de la gestion de laboratorios de la universidad distrital.","prestar servicios profesionales apoyando la construccion de modelo de analitica de datos, soluciones basadas en inteligencia artificial y/o algoritmos de modelado de informacion para en analisis prosp"
cgr-352-2021,contraloria general de la republica,algoritmo plus s.a.s.,presentación de oferta,30/04/2021 10:49 AM (UTC -5 horas),-,60.800.000 COP,Proceso adjudicado y celebrado,,
co-cd-119-2022,corporación autónoma regional de la orinoquia,efectuar a muestras en matriz agua las tecnicas analiticas acreditadas en el laboratorio ambiental en cumplimiento con los requisitos de la norma iso/iec 17025:2017 y en el marco del proyecto fortalec,presentación de oferta,22/01/2022 6:20 PM (UTC -5 horas),-,17.178.942 COP,Proceso adjudicado y celebrado,efectuar a muestras en matriz agua las tecnicas analiticas acreditadas en el laboratorio ambiental en cumplimiento con los requisitos de la norma iso/iec 17025:2017 y en el marco del proyecto fortalecimiento de la gestion del conocimiento ambiental en la jurisdiccion de corporinoquia,efectuar a muestras en matriz agua las tecnicas analiticas acreditadas en el laboratorio ambiental en cumplimiento con los requisitos de la norma iso/iec 17025:2017 y en el marco del proyecto fortalec
co-mc-012-2022,corporación autónoma regional de la orinoquia,adquisicion de muestras certificadas para la evaluacion del desempeño tecnico y el aseguramiento de la calidad analitica en el desarrollo de los analisis fisicoquimicos en matriz agua realizados por,presentación de oferta,5/07/2022 5:17 PM (UTC -5 horas),11/07/2022 9:00 AM (UTC -5 horas),9.706.203 COP,Proceso adjudicado y celebrado,adquisicion de muestras certificadas para la evaluacion del desempeno tecnico y el aseguramiento de la calidad analitica en el desarrollo de los analisis fisicoquimicos en matriz agua realizados por el laboratorio ambiental de corporinoquia en el marco del proyecto fortalecimiento de la gestion del conocimiento ambiental y en cumplimiento con los requisitos de la norma iso/iec 17025:2017,adquisicion de muestras certificadas para la evaluacion del desempeno tecnico y el aseguramiento de la calidad analitica en el desarrollo de los analisis fisicoquimicos en matriz agua realizados por
cotizacion 002-2022,instituto colombiano para la evaluacion de la educacion - icfes,"prestar el servicio de un software de evaluacion, integrado con un servicio de supervision y vigilancia a traves de tecnologia de inteligencia artificial (ia)",presentacion de oferta,3/02/2022 4:37 PM (UTC -5 horas),11/02/2022 11:00 AM (UTC -5 horas),Sin documento,Proceso en evaluacion y observaciones,"prestar servicios profesionales apoyando la construccion de modelo de analitica de datos, soluciones basadas en inteligencia artificial y/o algoritmos de modelado de informacion para en analisis prospectivo, predictivo y analitico de las dinamicas de empleo y formacion.","prestar el servicio de un software de evaluacion, integrado con un servicio de supervision y vigilancia a traves de tecnologia de inteligencia artificial (ia)"
cotizacion fontic-054-2022,fondo unico de tecnologias de la informacion y las comunicaciones,inteligencia artificial,presentacion de oferta,26/08/2022 6:23 PM (UTC -5 horas),2/09/2022 5:00 PM (UTC -5 horas),Sin documento,Proceso en evaluacion y observaciones,"aunar esfuerzos tendientes a la generacion de estandares, requisitos, mecanismos y estrategias que aseguren y faciliten la implementacion de sistemas de inteligencia artificial incluyentes en colombia",inteligencia artificial
cotizacion fontic-055-2021,fondo unico de tecnologias de la informacion y las comunicaciones,estudio inteligencia artificial,presentacion de oferta,20/12/2021 12:24 PM (UTC -5 horas),31/12/2021 12:00 PM (UTC -5 horas),Sin documento,Proceso en evaluacion y observaciones,"renovacion de la suscripcion de la solucion de ciberseguridad con inteligencia artificial, que permite la deteccion y bloqueo de trafico de red sospechoso de manera autonoma, asi como modulo de correo electronico que permite anticipar y neutralizar amenazas digitales de manera autonoma, para la comision de regulacion de agua potable y saneamiento basico (cra), de acuerdo a las especificaciones tecnicas exigidas",estudio inteligencia artificial
cotizacion-047-2022,sena regional cauca grupo administrativo intercentros ctpi,"contratar los servicios para desarrollar como estrategia formativa inmersiva  un bootcamps digital 2022 regional cauca, en el area de - inteligencia artificial con microsoft azure, con el fin de forta",presentacion de oferta,6/07/2022 10:29 AM (UTC -5 horas),11/07/2022 11:00 AM (UTC -5 horas),Sin documento,Proceso en evaluacion y observaciones,desarrollo de un modelo basado en inteligencia artificial como instrumento de prediccion de la enfermedad de alzheimer esporadica y su velocidad de progresion en el departamento del atlantico,"contratar los servicios para desarrollar como estrategia formativa inmersiva  un bootcamps digital 2022 regional cauca, en el area de - inteligencia artificial con microsoft azure, con el fin de forta"
cps 053-2021,instituto municipal de empleo y fomento empresarial de bucaramanga,"servicios profesionales para brindar apoyo a la subdirección técnica, en asesorias empresariales en desarrollo web, ced, sem, ads y analitica a empresarios y/o emprendedores que requieran optimizar su",presentación de oferta,30/07/2021 12:11 PM (UTC -5 horas),-,14.000.000 COP,Proceso adjudicado y celebrado,"prestar sus servicios profesionales para brindar apoyo a la subdireccion tecnica, en asesorias empresariales en desarrollo web, ced, sem, ads y analitica a empresarios y/o emprendedores que requieran optimizar sus recursos digitales y web, acorde al proceso de aceleracion definido en la estrategia avanza bga-programa coworking","servicios profesionales para brindar apoyo a la subdireccion tecnica, en asesorias empresariales en desarrollo web, ced, sem, ads y analitica a empresarios y/o emprendedores que requieran optimizar su"
cps-233-2021,universidad cooperativa de colombia,servicios en la modalidad software as a service de simulador de intervencion psicologica personalizada basado en inteligencia artificial ,presentacion de oferta,21/12/2021 10:51 AM (UTC -5 horas),-,147.200.000 COP,Publicado ,contratar el desarrollo de un estudio para identificar estandares para la implementacion de sistemas de inteligencia artificial (ia) incluyentes en el pais.,servicios en la modalidad software as a service de simulador de intervencion psicologica personalizada basado en inteligencia artificial 
cps-449-2021,unidad administrativa especial de rehabilitación y mantenimiento vial,prestar servicios profesionales especializados para realizar ajustes e implementación del algoritmo de aforos de transito para la uaermv.,presentación de oferta,10/06/2021 8:55 AM (UTC -5 horas),-,28.000.000 COP,Proceso adjudicado y celebrado,,
cps-706-2021,departamento administrativo de la presidencia de la república,realizar analítica y ciencia de datos,presentación de oferta,2/09/2021 12:58 PM (UTC -5 horas),-,132.480.000 COP,Publicado ,,
cs-274-2022,empresas publicas de armenia esp,capacitacion de tecnicas basicas analiticas de espectofotometria de absorcion atomica y cromatografia de gases,presentación de oferta,6/09/2022 10:42 AM (UTC -5 horas),-,11.900.000 COP,Publicado ,capacitacion de tecnicas basicas analiticas de espectofotometria de absorcion atomica y cromatografia de gases,capacitacion de tecnicas basicas analiticas de espectofotometria de absorcion atomica y cromatografia de gases
directa 006 de 2021,instituto nacional de vigilancia de medicamentos y alimentos //,ins (actividades analiticas),presentación de oferta,19/03/2021 4:26 PM (UTC -5 horas),19/03/2021 5:23 PM (UTC -5 horas),1.157.514.181 COP,Proceso adjudicado y celebrado,"prestar los servicios esenciales en salud publica para la vigilancia en seguridad sanitaria respecto a las actividades analiticas, biologicas y microbiologicas especificas para los laboratorios del instituto nacional de vigilancia de medicamentos y alimentos - invima.
",ins (actividades analiticas)
directa no 582-2022,unidad de planeacion minero energetico ,prestacion de servicios analitica estadistica,presentación de oferta,23/01/2022 9:31 AM (UTC -5 horas),-,89.507.000 COP,Proceso en evaluación y observaciones,,
directa no 582-2022.,unidad de planeacion minero energetico ,prestacion de servicios analitica estadistica,presentación de oferta,24/01/2022 8:35 AM (UTC -5 horas),-,89.507.000 COP,Proceso adjudicado y celebrado,"prestar los servicios profesionales para disenar e implementar modelos de analitica estadistica y geoespacial avanzada, con el fin de generar productos de valor agregado para la toma de decisiones y la formulacion de planes y programas de la entidad.",prestacion de servicios analitica estadistica
dps-cotizacion-020-2022,congreso de la republica - honorable senado de la republica,"generacion de ambientes de busqueda profunda en la nube, mediante el uso de tecnicas de inteligencia artificial, de los textos de las gacetas del congreso, correspondientes al senado de la republica",presentacion de oferta,6/07/2022 8:16 PM (UTC -5 horas),13/07/2022 5:00 PM (UTC -5 horas),Sin documento,Proceso en evaluacion y observaciones,"contratar los servicios para desarrollar como estrategia formativa inmersiva  un bootcamps digital 2022 regional cauca, en el area de - inteligencia artificial con microsoft azure, con el fin de fortalecer las habilidades tic en las industrias 4.0.","generacion de ambientes de busqueda profunda en la nube, mediante el uso de tecnicas de inteligencia artificial, de los textos de las gacetas del congreso, correspondientes al senado de la republica"
fcdt 02 2022,corporacion centro de desarrollo tecnologico,"proveer un programa de formacion tipo curso por modulos con metodologo­a activa, en inteligencia artificial para negocios digitales",presentacion de oferta,10/06/2022 9:47 AM (UTC -5 horas),-,15.588.000 COP,Publicado ,contratacion para el diseno e implementacion de un sistema de inteligencia artificial y analitica de datos para la gestion humana y el desarrollo del plan de carrera.,"proveer un programa de formacion tipo curso por modulos con metodologia activa, en inteligencia artificial para negocios digitales"
ffds-cd-0916-2021,fondo financiero distrital de salud..,prestar servicios profesionales en las etapas preanalítica y posanalitica de laboratorio que apoye el ciclo de análisis de las muestras pro covid-19 en la subdirección de laboratorio de salud pública.,presentación de oferta,13/04/2021 3:43 PM (UTC -5 horas),-,50.820.990 COP,Proceso adjudicado y celebrado,290-012300_7828 prestar servicios profesionales en las etapas preanalitica y posanalitica de laboratorio que apoye el ciclo de analisis de las muestras pro covid-19 en la subdireccion de laboratorio de salud publica.,prestar servicios profesionales en las etapas preanalitica y posanalitica de laboratorio que apoye el ciclo de analisis de las muestras pro covid-19 en la subdireccion de laboratorio de salud publica.
ffds-cd-1315-2021,fondo financiero distrital de salud..,prestar servicios profesionales en las etapas preanalítica y posanalitica de laboratorio que apoye el ciclo de análisis de las muestras pro covid-19 en la subdirección de laboratorio de salud pública.,presentación de oferta,26/04/2021 2:19 PM (UTC -5 horas),-,46.200.900 COP,Proceso adjudicado y celebrado,prestar servicios profesionales en las etapas preanalitica y posanalitica de laboratorio que apoye el ciclo de analisis de las muestras pro covid-19 en la subdireccion de laboratorio de salud publica.,prestar servicios profesionales en las etapas preanalitica y posanalitica de laboratorio que apoye el ciclo de analisis de las muestras pro covid-19 en la subdireccion de laboratorio de salud publica.
ffds-cd-1386-2021,fondo financiero distrital de salud..,prestar servicios profesionales en las etapas preanalítica y posanalitica de laboratorio que apoye el ciclo de análisis de las muestras pro covid-19 en la subdirección de laboratorio de salud pública.,presentación de oferta,7/05/2021 3:46 PM (UTC -5 horas),-,46.200.900 COP,Proceso adjudicado y celebrado,prestar servicios profesionales en las etapas preanalitica y posanalitica de laboratorio que apoye el ciclo de analisis de las muestras pro covid-19 en la subdireccion de laboratorio de salud publica.,prestar servicios profesionales en las etapas preanalitica y posanalitica de laboratorio que apoye el ciclo de analisis de las muestras pro covid-19 en la subdireccion de laboratorio de salud publica.
ffds-cd-1409-2021,fondo financiero distrital de salud..,prestar servicios profesionales en las etapas preanalítica y posanalitica de laboratorio que apoye el ciclo de análisis de las muestras pro covid-19 en la subdirección de laboratorio de salud pública.,presentación de oferta,5/05/2021 2:43 PM (UTC -5 horas),-,46.200.900 COP,Proceso adjudicado y celebrado,prestar servicios profesionales en las etapas preanalitica y posanalitica de laboratorio que apoye el ciclo de analisis de las muestras pro covid-19 en la subdireccion de laboratorio de salud publica.,prestar servicios profesionales en las etapas preanalitica y posanalitica de laboratorio que apoye el ciclo de analisis de las muestras pro covid-19 en la subdireccion de laboratorio de salud publica.
ffds-cd-1432-2021,fondo financiero distrital de salud..,prestar servicios profesionales en las etapas preanalítica y posanalitica de laboratorio que apoye el ciclo de análisis de las muestras pro covid-19 en la subdirección de laboratorio de salud pública.,presentación de oferta,4/05/2021 3:50 PM (UTC -5 horas),-,46.200.900 COP,Proceso adjudicado y celebrado,291-012300_7828 prestar servicios profesionales en las etapas preanalitica y posanalitica de laboratorio que apoye el ciclo de analisis de las muestras pro covid-19 en la subdireccion de laboratorio de salud publica.,prestar servicios profesionales en las etapas preanalitica y posanalitica de laboratorio que apoye el ciclo de analisis de las muestras pro covid-19 en la subdireccion de laboratorio de salud publica.
ffds-cd-1454-2021,fondo financiero distrital de salud..,prestar servicios profesionales en las etapas preanalítica y posanalitica de laboratorio que apoye el ciclo de análisis de las muestras pro covid-19 en la subdirección de laboratorio de salud pública.,presentación de oferta,4/05/2021 1:34 PM (UTC -5 horas),-,46.200.900 COP,Proceso adjudicado y celebrado,prestar servicios profesionales en las etapas preanalitica y posanalitica de laboratorio que apoye el ciclo de analisis de las muestras pro covid-19 en la subdireccion de laboratorio de salud publica.,prestar servicios profesionales en las etapas preanalitica y posanalitica de laboratorio que apoye el ciclo de analisis de las muestras pro covid-19 en la subdireccion de laboratorio de salud publica.
ffds-cd-1848-2021,fondo financiero distrital de salud..,prestar servicios profesionales en las etapas preanalítica y posanalitica de laboratorio que apoye el ciclo de análisis de las muestras pro covid-19 en la subdirección de laboratorio de salud pública,presentación de oferta,17/06/2021 3:57 PM (UTC -5 horas),-,46.200.900 COP,Proceso adjudicado y celebrado, prestar servicios profesionales en las etapas preanalitica y posanalitica de laboratorio que apoye el ciclo de analisis de las muestras pro covid-19 en la subdireccion de laboratorio de salud publica., prestar servicios profesionales en las etapas preanalitica y posanalitica de laboratorio que apoye el ciclo de analisis de las muestras pro covid-19 en la subdireccion de laboratorio de salud publica
ffds-cd-1950-2021,fondo financiero distrital de salud..,prestar servicios profesionales en las etapas preanalítica y posanalitica de laboratorio que apoye el ciclo de análisis de las muestras pro covid-19 en la subdirección de laboratorio de salud pública.,presentación de oferta,24/06/2021 4:15 PM (UTC -5 horas),-,46.200.900 COP,Proceso adjudicado y celebrado,prestar servicios profesionales en las etapas preanalitica y posanalitica de laboratorio que apoye el ciclo de analisis de las muestras pro covid-19 en la subdireccion de laboratorio de salud publica.,prestar servicios profesionales en las etapas preanalitica y posanalitica de laboratorio que apoye el ciclo de analisis de las muestras pro covid-19 en la subdireccion de laboratorio de salud publica.
ffds-cd-2028-2021,fondo financiero distrital de salud..,prestar servicios profesionales en las etapas preanalítica y posanalitica de laboratorio que apoye el ciclo de análisis de las muestras pro covid-19 en la subdirección de laboratorio de salud pública.,presentación de oferta,22/07/2021 4:43 PM (UTC -5 horas),-,36.960.720 COP,Proceso adjudicado y celebrado,prestar servicios profesionales en las etapas preanalitica y posanalitica de laboratorio que apoye el ciclo de analisis de las muestras pro covid-19 en la subdireccion de laboratorio de salud publica.,prestar servicios profesionales en las etapas preanalitica y posanalitica de laboratorio que apoye el ciclo de analisis de las muestras pro covid-19 en la subdireccion de laboratorio de salud publica.
fna-sg-sb-004-2022,fondo nacional del ahorro,licenciamiento sap analitica,presentación de oferta,12/05/2022 7:37 PM (UTC -5 horas),20/05/2022 5:00 PM (UTC -5 horas),2.792.044.791 COP,Proceso adjudicado y celebrado,"actualizacion de software y soporte tecnico en modalidad enterprise para los productos de base de datos y analitica sap, licenciados por el fna.",licenciamiento sap analitica
ftic-cd-726-2022,fondo unico de tecnologías de la información y las comunicaciones,analitica -s.a.s.,presentación de oferta,1/02/2022 9:36 PM (UTC -5 horas),-,479.014.110 COP,Proceso adjudicado y celebrado,"contratar el licenciamiento por un (1) ano del modulo azsign, los servicios de
actualizacion, soporte tecnico del sgdea - integratic (azdigital) y el fortalecimiento
para la modificacion de funcionalidades e integracion con los sistemas de informacion
que se requieran",analitica -s.a.s.
ftic-cm-018-2021 (presentacion de oferta),fondo unico de tecnologias de la informacion y las comunicaciones,proceso de consultoria inteligencia artificial  (presentacion de oferta),presentacion de oferta,15/03/2021 11:26 PM (UTC -5 horas),31/03/2021 3:00 PM (UTC -5 horas),1.255.740.287 COP,Proceso cancelado,"prestar servicios de apoyo asistencial y de apoyo administrativo de manera autonoma e independiente en los procesos academicos y administrativos del laboratorio de informatica,  especificamente en lo correspondiente al area laboratorio de inteligencia artificial y telepresencia, y laboratorios de bases de datos y sistemas distribuidos. sala 5 . en el marco de la gestion de laboratorios de la universidad distrital.",proceso de consultoria inteligencia artificial  (presentacion de oferta)
icbf-samc-009-2021sen (manifestacion de interior (menor cuantia)) (presentacion de oferta),instituto colombiano de bienestar familiar (sede nacional),"prestar servicios asociados a la gestion de la informacion basado en un modelo big data: ingesta de datos, almacenamiento, procesamiento, calidad, analitica, machine learning, inteligencia artificial,",presentacion de oferta,3/09/2021 6:25 PM (UTC -5 horas),9/09/2021 9:00 AM (UTC -5 horas),900.000.000 COP,Proceso adjudicado y celebrado,,
imc-35-012-2021,direccion de impuestos y aduanas nacionales ,contratar la adquisicion de una balanza analitica ,presentación de oferta,9/11/2021 1:34 PM (UTC -5 horas),11/11/2021 3:00 PM (UTC -5 horas),11.000.000 COP,Proceso adjudicado y celebrado,,
inv-156-2022,empresa ibaguereña de acueducto y alcantarillado sa esp oficial ibal sa esp oficial,suminstro de reactivos bacteriologicos (tecnicas analiticas),presentación de oferta,6/09/2022 9:57 AM (UTC -5 horas),-,116.790.260 COP,Proceso adjudicado y celebrado,suministro de insumos y reactivos para analisis bacteriologicos (tecnicas analiticas de microbiologia) del laboratorio control de calidad y el laboratorio de aguas residuales del ibal s.a. esp oficial,suminstro de reactivos bacteriologicos (tecnicas analiticas)
ipse 122-2021,instituto de planificación y promoción de soluciones energéticas para las zonas no interconectadas ipse,"explotación de los componentes de analitica, inteligencia de negocios y tableros de control del ipse",presentación de oferta,20/09/2021 5:30 PM (UTC -5 horas),-,30.000.000 COP,Proceso adjudicado y celebrado,,
ipse-038-2022,instituto de planificación y promoción de soluciones energéticas para las zonas no interconectadas ipse,apoyo analitica sigipse,presentación de oferta,21/01/2022 9:23 AM (UTC -5 horas),-,107.990.000 COP,Proceso adjudicado y celebrado,"prestacion de servicios profesionales a la direccion general y la subdireccion de contratos y seguimiento para el apoyo en el seguimiento y control a la supervision de proyectos energeticos y la explotacion de los componentes de analitica, inteligencia de negocios y tableros de control del ipse a partir de la interoperabilidad con el sistema de informacion georeferenciado del ipse - sigipse",apoyo analitica sigipse
ipse-cd-064-2021,instituto de planificación y promoción de soluciones energéticas para las zonas no interconectadas ipse,"construcción e implementación de los componentes de analitica, inteligencia de negocios y tableros de control en el ipse",presentación de oferta,9/03/2021 3:30 PM (UTC -5 horas),-,48.000.000 COP,Proceso adjudicado y celebrado,"prestacion de servicios profesionales a la direccion general para la construccion e implementacion de los componentes de analitica, inteligencia de negocios y tableros de control en el ipse.","construccion e implementacion de los componentes de analitica, inteligencia de negocios y tableros de control en el ipse"
mc-0005-2022,corporacion para el desarrollo sostenible del uraba,sostenimiento remoto anual para el software lims analitica del laboratorio de análisis de aguas.,presentación de oferta,14/03/2022 5:01 PM (UTC -5 horas),15/03/2022 5:30 PM (UTC -5 horas),9.300.000 COP,Proceso adjudicado y celebrado,sostenimiento remoto anual para el software lims analitica del laboratorio de analisis de aguas.,sostenimiento remoto anual para el software lims analitica del laboratorio de analisis de aguas.
mc-322-subafin-2021,direccion general maritima-dimar ,"contratar una consultoría para el análisis, diseño y documentación de metodologías y de algoritmos para la gestión de datos oceanográficos y meteorología marina de la dirección general marítima, aplic",presentación de oferta,23/09/2021 4:53 PM (UTC -5 horas),28/09/2021 2:00 PM (UTC -5 horas),62.467.944 COP,Proceso adjudicado y celebrado,,
mc-cuc-ctpi-052-2022,sena regional cauca grupo administrativo intercentros ctpi,"19-922110-0965-contratar los servicios para desarrollar estrategia formativa inmersiva un bootcamps digital 2022 regional cauca, en el area de - inteligencia artificial con microsoft azure",presentacion de oferta,28/07/2022 9:50 AM (UTC -5 horas),4/08/2022 10:00 AM (UTC -5 horas),99.650.000 COP,Proceso adjudicado y celebrado,"19-922110-0965-contratar los servicios para desarrollar estrategia formativa inmersiva un bootcamps digital 2022 regional cauca, en el area de - inteligencia artificial con microsoft azure, con el fin de fortalecer las habilidades tic en las industrias 4.0.","19-922110-0965-contratar los servicios para desarrollar estrategia formativa inmersiva un bootcamps digital 2022 regional cauca, en el area de - inteligencia artificial con microsoft azure"
mic-229-2022,universidad del valle,adquisicion cabina de extraccion de gases y balanza analitica ,presentación de oferta,17/08/2022 6:02 PM (UTC -5 horas),-,29.200.000 COP,Publicado ,"adquisicion de cabina de extraccion de gases y balanza analitica para la sederegional pacifico mediante el proyecto de implementacion de la estrategia de aumento de la oferta, cobertura y calidad academica del sistema de regionalizacion""",adquisicion cabina de extraccion de gases y balanza analitica 
msps-cma-007-2021 (presentacion de oferta),ministerio de salud y protección social,cma analitica de datos (presentación de oferta),presentación de oferta,21/07/2021 7:13 PM (UTC -5 horas),3/08/2021 4:00 PM (UTC -5 horas),313.054.972 COP,Proceso adjudicado y celebrado,"""prestar servicios de consultoria para elaborar tres modelos predictivos basados en analitica de datos"".",cma analitica de datos (presentacion de oferta)
mt bid pfpe-212 -sbc-cf,ministerio del trabajo nivel central,motor de inteligencia artificial para el emparejamiento,presentacion de oferta,17/08/2022 12:03 PM (UTC -5 horas),30/08/2022 11:59 PM (UTC -5 horas),Sin documento,Proceso en evaluacion y observaciones,desarrollar un motor de inteligencia artificial (ia) para el emparejamiento del nuevo sistema de informacion del servicio publico de empleo (nuevo sistema).,motor de inteligencia artificial para el emparejamiento
ocont-613-2022,uniquindio,prestar servicios profesionales orientando 28 horas dela asignatura quimica analitica avanzada a estudiantes del ii semestre del doctorado en ciencias,presentación de oferta,18/08/2022 1:26 PM (UTC -5 horas),-,5.278.000 COP,Publicado ,prestar servicios profesionales orientando 28 horas dela asignatura quimica analitica avanzada a estudiantes del ii semestre del doctorado en ciencias,prestar servicios profesionales orientando 28 horas dela asignatura quimica analitica avanzada a estudiantes del ii semestre del doctorado en ciencias
orden de servicio ndeg 5559594,empresa colombiana de petroleos,"servicio de mantenimiento especializado preventivo, y/o correctivo del sistemas de control y sistemas de analitica del piloto de inyeccion de aire ",presentación de oferta,13/01/2022 3:25 PM (UTC -5 horas),-,266.674.542 COP,Publicado ,,
ose_1201_2022,universidad nacional de colombia ,"prestar servicios profesionales para brindar dos conferencias de ""algoritmos y redes sociales"" dentro del plan de capacitación aprobado por el sena para el proyecto fondo emprender",presentación de oferta,2/09/2022 12:05 PM (UTC -5 horas),-,700.000 COP,Publicado ,,
oth-cd-2564-2022,corporacion autonoma regional de cundinamarca - car,prestación de servicios profesionales para apoyar el desarrollo de actividades de  vigilancia tecnológica e inteligencia competitiva y ciencia de datos de la  dirección de laboratorio e innovación amb,presentación de oferta,1/09/2022 9:37 PM (UTC -5 horas),-,39.292.000 COP,Proceso adjudicado y celebrado,,
pcd-1175-2022,ese hospital departamental san rafael ,prestacion de servicios profesionales como bacteriologa y  apoyo al proceso de gestion de la calidad analitica  del laboratorio clinico de la ese,presentación de oferta,17/08/2022 11:16 PM (UTC -5 horas),-,6.250.000 COP,Publicado ,"prestacion de servicios profesionales como bacteriologa y  apoyo al proceso de gestion de la calidad analitica  del laboratorio clinico de la ese
",prestacion de servicios profesionales como bacteriologa y  apoyo al proceso de gestion de la calidad analitica  del laboratorio clinico de la ese
pn dipol sa mc 027-2021 (manifestacion de interior (menor cuantia)) (presentacion de oferta),direccion de inteligencia policial,sistema de ciberinteligencia basado en inteligencia artificial (manifestacion de interior (menor cuantia)) (presentacion de oferta),presentacion de oferta,16/06/2021 6:34 PM (UTC -5 horas),28/06/2021 8:00 AM (UTC -5 horas),"4.385.742.606,76 COP",Proceso adjudicado y celebrado,,
pn diraf ditah 6 2022,policia nacional - direccion administrativa y financiera ,solicitud cotizacion contratacion para el diseño e implementacion de un sistema de inteligencia artificial y analitica de datos para la gestion humana y el desarrollo del plan de carrera.,presentacion de oferta,27/05/2022 4:13 PM (UTC -5 horas),6/06/2022 5:00 PM (UTC -5 horas),Sin documento,Proceso en evaluacion y observaciones,contratar la prestacion de servicios de una plataforma tecnologica basada en inteligencia artificial que permita la generacion de documentos oficiales necesarios para el proceso del cobro persuasivo y coactivo del impuesto predial unificado en el distrito de santiago de cali.,solicitud cotizacion contratacion para el diseno e implementacion de un sistema de inteligencia artificial y analitica de datos para la gestion humana y el desarrollo del plan de carrera.
pn diraf ditah 7 2022,policia nacional - direccion administrativa y financiera ,solicitud cotizacion prestacion de servicios para el diseño e implementacion  de un sistema de inteligencia artificial y analitica de datos para la gestion humana y el desarrollo del plan de carrera,presentacion de oferta,16/06/2022 11:13 AM (UTC -5 horas),17/06/2022 7:00 PM (UTC -5 horas),Sin documento,Proceso en evaluacion y observaciones,"proveer un programa de formacion tipo curso por modulos con metodologia activa, en inteligencia artificial para negocios digitales, que permita generar capacidades del talento humano vinculado al sector tic del departamento, para el despliegue de proyectos en ctei con actores del sistema nacional y regional de ciencia, tecnologia e innovacion. la duracion del curso sera de 50 horas de las cuales 31 horas se trabajaran bajo modalidad presencial y 19 horas bajo modalidad online",solicitud cotizacion prestacion de servicios para el diseno e implementacion  de un sistema de inteligencia artificial y analitica de datos para la gestion humana y el desarrollo del plan de carrera
pn diraf ditah 8 2022,policia nacional - direccion administrativa y financiera ,solicitud cotizacion contratacion para el diseño e implementacion de un sistema de inteligencia artificial y analitica de datos para la gestion humana y el desarrollo del plan de carrera ,presentacion de oferta,21/06/2022 4:06 PM (UTC -5 horas),22/06/2022 8:00 PM (UTC -5 horas),Sin documento,Proceso en evaluacion y observaciones,contratacion para el diseno e implementacion de un sistema de inteligencia artificial y analitica de datos para la gestion humana y el desarrollo del plan de carrera,solicitud cotizacion contratatcion para el diseno e implementacion de un sistema de inteligencia artificial y analitica de datos para la gestion humana y el desarrollo del plan de carrera 
pn diraf ditah 9 2022,policia nacional - direccion administrativa y financiera ,solicitud cotizacion adquisicion para el diseño e implementacion  de un sistema de inteligencia artificial y analitica de datos para la gestion humana y el desarrollo del plan de carrera,presentacion de oferta,1/07/2022 9:31 AM (UTC -5 horas),6/07/2022 5:00 PM (UTC -5 horas),Sin documento,Proceso en evaluacion y observaciones,contratacion para el diseno e implementacion de un sistema de inteligencia artificial y analitica de datos para la gestion humana y el desarrollo del plan de carrera,solicitud cotizacion adquisicion para el diseno e implementacion  de un sistema de inteligencia artificial y analitica de datos para la gestion humana y el desarrollo del plan de carrera
pn diraf li 198 2022.,policia nacional - direccion administrativa y financiera ,adquisicion para el diseño e implementacion de un sistema de inteligencia artificial y analitica de datos para la gestion humana y el desarrollo del plan de carrera,presentacion de oferta,5/08/2022 4:44 PM (UTC -5 horas),9/09/2022 7:00 PM (UTC -5 horas),1.960.000.000 COP,Publicado ,adquisicion para el diseno e implementacion de un sistema de inteligencia artificial y analitica de datos para la gestion humana y el desarrollo del plan de carrera,adquisicion para el diseno e implementacion de un sistema de inteligencia artificial y analitica de datos para la gestion humana y el desarrollo del plan de carrera
psp-206-2021,municipio de amaga - antioquia,"prestación de servicios en el suministro de información analitica para la optimización de procesos de cobros coactivos administrativos del municipio de amagá, antioquia",presentación de oferta,16/09/2021 6:03 PM (UTC -5 horas),-,12.209.400 COP,Proceso adjudicado y celebrado,"prestacion de servicios en el suministro de informacion analitica para la optimizacion de procesos de cobros coactivos administrativos del municipio de amaga, antioquia","prestacion de servicios en el suministro de informacion analitica para la optimizacion de procesos de cobros coactivos administrativos del municipio de amaga, antioquia"
psp-cmc-0035-2022,sena regional cundinamarca grupo de apoyo administrativo mixto,seguimiento y analitica de datos direccion regional ,presentación de oferta,19/01/2022 2:04 PM (UTC -5 horas),-,74.100.000 COP,Proceso adjudicado y celebrado,,
puj-01062-22,pontificia universidad javeriana sgr,"proyecto fortalecimiento del centro de excelencia y apropiación en big data y analitica, alianza caoba",presentación de oferta,23/08/2022 3:05 PM (UTC -5 horas),-,419.203.838 COP,Publicado ,"proyecto fortalecimiento del centro de excelencia y apropiacion en big data y analitica, alianza caoba - convenio eafit","proyecto fortalecimiento del centro de excelencia y apropiacion en big data y analitica, alianza caoba"
puj-01112-22,pontificia universidad javeriana sgr,"proyecto fortalecimiento del centro de excelencia y apropiación en big data y analitica, alianza caoba",presentación de oferta,5/08/2022 3:17 PM (UTC -5 horas),-,304.310.372 COP,Publicado ,"proyecto fortalecimiento del centro de excelencia y apropiacion en big data y analitica, alianza caoba- ","proyecto fortalecimiento del centro de excelencia y apropiacion en big data y analitica, alianza caoba"
puj-02843-22,pontificia universidad javeriana sgr,"proyecto fortalecimiento del centro de excelencia y apropiación en big data y analitica, alianza caoba",presentación de oferta,3/06/2022 12:50 AM (UTC -5 horas),-,32.000.000 COP,Publicado ,"generar capacidades para la explotacion de datos en organizaciones del sector publico y privado de la ciudad, a traves del desarrollo de proyectos y servicios sostenibles en el largo plazo. ","proyecto fortalecimiento del centro de excelencia y apropiacion en big data y analitica, alianza caoba"
puj-02872-22,pontificia universidad javeriana sgr,"proyecto fortalecimiento del centro de excelencia y apropiación en big data y analitica, alianza caoba",presentación de oferta,3/06/2022 9:26 AM (UTC -5 horas),-,24.000.000 COP,Publicado ,"generar capacidades para la explotacion de datos en organizaciones del sector publico y privado de la ciudad, a traves del desarrollo de proyectos y servicios sostenibles en el largo plazo. ","proyecto fortalecimiento del centro de excelencia y apropiacion en big data y analitica, alianza caoba"
samc 04-2022 (manifestacion de interes (menor cuantia)) (presentacion de oferta),superintendencia de la economia solidaria ,contratar una solución integral  software  para la supervisión y analitica  de datos del proceso de supervisión de la superintendencia de la economía solidaria (manifestación de interés (menor cuantía,presentación de oferta,4/05/2022 4:58 PM (UTC -5 horas),9/05/2022 10:00 AM (UTC -5 horas),267.490.848 COP,Proceso cancelado,contratar una solucion integral software  para la supervision y analitica  de datos del proceso de supervision de la superintendencia de la economia solidaria,contratar una solucion integral  software  para la supervision y analitica  de datos del proceso de supervision de la superintendencia de la economia solidaria (manifestacion de interes (menor cuantia
sc-03-2022,superintendencia de la economia solidaria ,contratar una solución integral  software  para la supervisión y analitica de datos del proceso de supervisión de la superintendencia de la economía solidaria,presentación de oferta,10/02/2022 12:28 PM (UTC -5 horas),18/02/2022 7:00 PM (UTC -5 horas),Sin documento,Proceso en evaluación y observaciones,contratar una solucion integral software  para la supervision y analitica de datos del proceso de supervision de la superintendencia de la economia solidaria,contratar una solucion integral  software  para la supervision y analitica de datos del proceso de supervision de la superintendencia de la economia solidaria
sdm-lp-040-2021 (presentacion de oferta),secretaria distrital de movilidad,plataforma de ciber inteligencia artificial  (presentacion de oferta),presentacion de oferta,11/06/2021 7:07 PM (UTC -5 horas),2/07/2021 11:00 AM (UTC -5 horas),497.225.913 COP,Proceso adjudicado y celebrado,"realizar el diseno, desarrollo, instalacion, implementacion, puesta en servicio, soporte y mantenimiento de un software de inteligencia artificial que permita la deteccion, clasificacion, caracterizacion y generacion de alertas y reportes de situaciones referentes a la evasion del pago de los usuarios y de situaciones que afecten la seguridad en el sistema troncal de transmilenio s.a.",plataforma de ciber inteligencia artificial  (presentacion de oferta)
sg-cdof-008-2021,municipio de san jose de cucuta,2021w-60  adquisicion  de  software  especializado de analitica de datos,presentación de oferta,28/10/2021 2:35 PM (UTC -5 horas),-,170.492.788 COP,Proceso adjudicado y celebrado,,
sga-cd-791-2022,secretaría general de la alcaldía mayor de bogotá,agencia de analitica de datos,presentación de oferta,1/08/2022 1:49 PM (UTC -5 horas),1/08/2022 4:00 PM (UTC -5 horas),405.910.514 COP,Proceso adjudicado y celebrado,"prestar el servicio de analisis, identificacion, clasificacion, priorizacion y visualizacion de la comunicacion de la ciudadania a traves de las redes sociales establecidas por la secretaria general de la alcaldia mayor de bogota d.c., en el marco de las agendas de transformacion digital",agencia de analitica de datos
sga-cd-855-2021,secretaría general de la alcaldía mayor de bogotá,agencia analitica de datos - agata-,presentación de oferta,22/06/2021 10:02 PM (UTC -5 horas),-,333.282.768 COP,Proceso adjudicado y celebrado,"prestar el servicio de analisis, identificacion, clasificacion, priorizacion y visualizacion de la comunicacion de la ciudadania a traves de las redes sociales establecidas por la secretaria general de la alcaldia mayor de bogota d.c., en el marco de las agendas de transformacion digital",agencia analitica de datos - agata-
sip-byc-cm-0021-2021,sena regional  boyaca grupo de apoyo administrativo mixto,"mantenimiento de balanzas analiticas, horno humedal del laboratorio de carbones del centro minero",presentación de oferta,26/09/2021 10:23 PM (UTC -5 horas),29/09/2021 7:00 PM (UTC -5 horas),Sin documento,Proceso en evaluación y observaciones,,
solicitud de informacion no. 032-2021,secretaria distrital de desarrollo economico - alcaldia bogotá,analitica de datos,presentación de oferta,21/10/2021 5:05 PM (UTC -5 horas),26/10/2021 11:59 PM (UTC -5 horas),Sin documento,Proceso en evaluación y observaciones,,
subasta inversa no. 03 de 2021 (presentacion de oferta),comision de regulacion de agua potable y saneamiento basico,"renovacion de la suscripcion de la solucion de ciberseguridad con inteligencia artificial, que permite la deteccion y bloqueo de trafico de red sospechoso de manera autonoma, aso como modulo de correo",presentacion de oferta,15/10/2021 3:02 PM (UTC -5 horas),26/10/2021 3:00 PM (UTC -5 horas),130.000.000 COP,Proceso adjudicado y celebrado,"mantenimiento general cctv e implementacion de sistema de inteligencia artificial, reconocimiento facial y alertas de seguridad para el edificio insignia en bogota d.c. acuerdo a las especificaciones tecnicas descritas en el anexo ""a"" del presente estudio previo"".","renovacion de la suscripcion de la solucion de ciberseguridad con inteligencia artificial, que permite la deteccion y bloqueo de trafico de red sospechoso de manera autonoma, asi como modulo de correo"
tic-009-2021,"unidad de planificación de tierras rurales, adecuación de tierras y usos agropecuarios","prestar servicios profesionales para apoyar a la upra en el desarrollo de ejercicios de ciencia de datos en el marco del snuira, asi como de otros proyectos estratégicos de la upra. (tic-009-2021)",presentación de oferta,3/02/2021 5:19 PM (UTC -5 horas),-,77.427.000 COP,Proceso adjudicado y celebrado,,
tic-009-2022,"unidad de planificación de tierras rurales, adecuación de tierras y usos agropecuarios","prestar servicios profesionales para apoyar a la upra en el desarrollo de ejercicios de ciencia de datos en el marco del snuira, asi como de otros proyectos estratégicos de la upra.(tic-009-2022)",presentación de oferta,25/01/2022 8:42 AM (UTC -5 horas),-,76.320.000 COP,Proceso adjudicado y celebrado,,
tic-120-2021,"unidad de planificación de tierras rurales, adecuación de tierras y usos agropecuarios",prestar servicios profesionales para apoyar la definición de estrategias de implementación y algoritmos para interpretación digital de imágenes de sensores remotos en el marco . (tic-120-2021),presentación de oferta,9/04/2021 9:54 AM (UTC -5 horas),-,51.355.000 COP,Proceso adjudicado y celebrado,,
tic-121-2021,"unidad de planificación de tierras rurales, adecuación de tierras y usos agropecuarios","prestar servicios profesionales para apoyar la definición de estrategias, el desarrollo, implementación de algoritmos y rutinas para la interpretación digital de imágenes  (tic-121-2021)",presentación de oferta,31/03/2021 9:12 AM (UTC -5 horas),-,51.355.000 COP,Proceso adjudicado y celebrado,,
tic-122-2021,"unidad de planificación de tierras rurales, adecuación de tierras y usos agropecuarios","prestar servicios profesionales para apoyar el desarrollo, implementación y validación de algoritmos para interpretación digital de imágenes de sensores remotos para la identificación. (tic-122-2021)",presentación de oferta,29/03/2021 11:19 AM (UTC -5 horas),-,38.185.000 COP,Proceso adjudicado y celebrado,,
tic-123-2021,"unidad de planificación de tierras rurales, adecuación de tierras y usos agropecuarios","prestar servicios profesionales para apoyar el desarrollo, implementación y validación de algoritmos para interpretación digital de imágenes de sensores remotos para la identificación. (tic-123-2021)",presentación de oferta,29/03/2021 11:27 AM (UTC -5 horas),-,36.912.167 COP,Proceso adjudicado y celebrado,,
tmsa-cm-03 de 2021 (presentacion de oferta),empresa de transporte del tercer milenio transmilenio s. a.,"diseño, desarrollo, instalacion, implementacion, puesta en servicio, soporte y mantenimiento de un software de inteligencia artificial  (presentacion de oferta)",presentacion de oferta,28/04/2021 7:02 PM (UTC -5 horas),18/05/2021 10:00 AM (UTC -5 horas),2.740.260.699 COP,Proceso en evaluacion y observaciones,"prestar servicios de apoyo asistencial y de apoyo administrativo de manera autonoma e independiente en los procesos academicos y administrativos del laboratorio de informatica, especificamente en lo correspondiente al area: laboratorio de inteligencia artificial y tele-presencia, y laboratorios de bases de datos y sistemas distribuidos-sala 5, en el marco de la gestion de laboratorios de la universidad distrital.","diseno, desarrollo, instalacion, implementacion, puesta en servicio, soporte y mantenimiento de un software de inteligencia artificial  (presentacion de oferta)"
vad 722 de 2021,institución universitaria pascual bravo21,"prestación de servicios profesionales, por su cuenta y riesgo, sin vínculo laboral, para el apoyo en el diseño y desarrollo de los módulos algoritmos de optimización y mantenimiento centrado en la con",presentación de oferta,11/05/2021 6:56 PM (UTC -5 horas),-,8.150.000 COP,Proceso adjudicado y celebrado,,
vart-0014,clinica oftalmologica del caribe s.a.s.,contratacion de servicio tecnologico inteligencia artificial para el desarrollo del de vart,presentacion de oferta,22/02/2022 6:35 PM (UTC -5 horas),-,450.000.000 COP,Publicado ,"servicio de un software de evaluacion, integrado con un servicio de supervision y vigilancia a traves de tecnologia de inteligencia artificial (ia) para la aplicacion de forma electronica de las pruebas saber pro y saber tyt, asi como las mesas de servicio para las pruebas saber pro, saber tyt y presaber, para la vigencia 2022",contratacion de servicio tecnologico inteligencia artificial para el desarrollo del de vart
